folder,network,accuracy,precision,sensitivity,specificity,fmeasure,npv,mcc,auc,tn,fp,fn,tp,runtime,val_accuracy,val_precision,val_sensitivity,val_specificity,val_fmeasure,val_npv,val_mcc,val_auc,val_tn,val_fp,val_fn,val_tp,val_runtime
1,DTree,1.0,1.0,1.0,1.0,1.0,0.9999999998958333,1.0,1.0,960,0,0,960,0.20914292335510254,0.5791666666666667,0.5772357723577236,0.5916666666666667,0.5666666666666667,0.5843621399176955,0.5811965809482066,0.15838283570544587,0.5791666666666666,136,104,98,142,0.00041675567626953125
2,DTree,1.0,1.0,1.0,1.0,1.0,0.9999999998958333,1.0,1.0,960,0,0,960,0.21095037460327148,0.54375,0.5363321799307958,0.6458333333333334,0.44166666666666665,0.5860113421550094,0.5549738216989666,0.08938274535965209,0.5437500000000001,106,134,85,155,0.0006284713745117188
3,DTree,1.0,1.0,1.0,1.0,1.0,0.9999999998958333,1.0,1.0,960,0,0,960,0.19797182083129883,0.5354166666666667,0.5352697095435685,0.5375,0.5333333333333333,0.5363825363825364,0.5355648533323997,0.07083394821402479,0.5354166666666667,128,112,111,129,0.0007727146148681641
4,DTree,1.0,1.0,1.0,1.0,1.0,0.9999999998958333,1.0,1.0,960,0,0,960,0.1832728385925293,0.5458333333333333,0.5404411764705882,0.6125,0.4791666666666667,0.5742187500000001,0.5528846151188055,0.09249250917449296,0.5458333333333333,115,125,93,147,0.0008873939514160156
5,DTree,1.0,1.0,1.0,1.0,1.0,0.9999999998958333,1.0,1.0,960,0,0,960,0.23811912536621094,0.5229166666666667,0.5215686274509804,0.5541666666666667,0.49166666666666664,0.5373737373737375,0.524444444211358,0.045923114679577624,0.5229166666666667,118,122,107,133,0.0007612705230712891
6,DTree,1.0,1.0,1.0,1.0,1.0,0.9999999998958333,1.0,1.0,960,0,0,960,0.21651625633239746,0.56875,0.5662650602409639,0.5875,0.55,0.5766871165644172,0.5714285711811997,0.13759678177399753,0.5687500000000001,132,108,99,141,0.0008807182312011719
7,DTree,1.0,1.0,1.0,1.0,1.0,0.9999999998958333,1.0,1.0,960,0,0,960,0.2039318084716797,0.4708333333333333,0.4740740740740741,0.5333333333333333,0.4083333333333333,0.5019607843137255,0.46666666644444443,-0.05879447357921312,0.4708333333333333,98,142,112,128,0.0008225440979003906
8,DTree,1.0,1.0,1.0,1.0,1.0,0.9999999998958333,1.0,1.0,960,0,0,960,0.19942450523376465,0.525,0.5205479452054794,0.6333333333333333,0.4166666666666667,0.5714285714285714,0.5319148933340878,0.05121661782200223,0.5249999999999999,100,140,88,152,0.0014417171478271484
9,DTree,1.0,1.0,1.0,1.0,1.0,0.9999999998958333,1.0,1.0,960,0,0,960,0.08835554122924805,0.5666666666666667,0.5571428571428572,0.65,0.48333333333333334,0.6,0.57999999971,0.13522468075656266,0.5666666666666667,116,124,84,156,0.0007467269897460938
10,DTree,1.0,1.0,1.0,1.0,1.0,0.9999999998958333,1.0,1.0,960,0,0,960,0.18913578987121582,0.5666666666666667,0.5563380281690141,0.6583333333333333,0.475,0.6030534351145038,0.5816326527644732,0.13563218950786896,0.5666666666666667,114,126,82,158,0.0009768009185791016
11,DTree,1.0,1.0,1.0,1.0,1.0,0.9999999998958333,1.0,1.0,960,0,0,960,0.20205378532409668,0.5104166666666666,0.5077399380804953,0.6833333333333333,0.3375,0.5825932504440497,0.5159235665503672,0.022203371065127816,0.5104166666666666,81,159,76,164,0.0009469985961914062
12,DTree,1.0,1.0,1.0,1.0,1.0,0.9999999998958333,1.0,1.0,960,0,0,960,0.20752716064453125,0.5166666666666667,0.5161290322580645,0.5333333333333333,0.5,0.5245901639344263,0.517241379087396,0.033351867298253506,0.5166666666666666,120,120,112,128,0.0008304119110107422
13,DTree,1.0,1.0,1.0,1.0,1.0,0.9999999998958333,1.0,1.0,960,0,0,960,0.20200300216674805,0.55,0.5372670807453416,0.7208333333333333,0.37916666666666665,0.6156583629893237,0.5759493667240827,0.1064032179184207,0.5499999999999999,91,149,67,173,0.0009849071502685547
14,DTree,1.0,1.0,1.0,1.0,1.0,0.9999999998958333,1.0,1.0,960,0,0,960,0.23497700691223145,0.525,0.5202702702702703,0.6416666666666667,0.4083333333333333,0.5746268656716418,0.5326086953627127,0.051419337764329574,0.525,98,142,86,154,0.0009405612945556641
15,DTree,1.0,1.0,1.0,1.0,1.0,0.9999999998958333,1.0,1.0,960,0,0,960,0.08693909645080566,0.4708333333333333,0.475177304964539,0.5583333333333333,0.38333333333333336,0.5134099616858236,0.46464646441179475,-0.05924761688055298,0.4708333333333333,92,148,106,134,0.0007474422454833984
16,DTree,1.0,1.0,1.0,1.0,1.0,0.9999999998958333,1.0,1.0,960,0,0,960,0.18225407600402832,0.53125,0.5283018867924528,0.5833333333333334,0.4791666666666667,0.5544554455445545,0.5348837206814494,0.06284186886676618,0.53125,115,125,100,140,0.0007457733154296875
17,DTree,1.0,1.0,1.0,1.0,1.0,0.9999999998958333,1.0,1.0,960,0,0,960,0.21222615242004395,0.5520833333333334,0.5464684014869888,0.6125,0.49166666666666664,0.5776031434184677,0.559241705896094,0.1049355494895787,0.5520833333333334,118,122,93,147,0.0008144378662109375
18,DTree,1.0,1.0,1.0,1.0,1.0,0.9999999998958333,1.0,1.0,960,0,0,960,0.21568083763122559,0.5395833333333333,0.5342960288808665,0.6166666666666667,0.4625,0.5725338491295938,0.5467980292872916,0.08012456734965918,0.5395833333333334,111,129,92,148,0.0008349418640136719
19,DTree,1.0,1.0,1.0,1.0,1.0,0.9999999998958333,1.0,1.0,960,0,0,960,0.18410038948059082,0.5604166666666667,0.5401662049861495,0.8125,0.30833333333333335,0.64891846921797,0.6218487389732363,0.1399171390200954,0.5604166666666667,74,166,45,195,0.001073598861694336
20,DTree,1.0,1.0,1.0,1.0,1.0,0.9999999998958333,1.0,1.0,960,0,0,960,0.18820619583129883,0.5104166666666666,0.5092936802973977,0.5708333333333333,0.45,0.5383104125736738,0.5118483409896454,0.02098710989791574,0.5104166666666666,108,132,103,137,0.0007603168487548828
21,DTree,1.0,1.0,1.0,1.0,1.0,0.9999999998958333,1.0,1.0,960,0,0,960,0.09226870536804199,0.5791666666666667,0.57421875,0.6125,0.5458333333333333,0.592741935483871,0.5848214283103476,0.15868636238550196,0.5791666666666667,131,109,93,147,0.0007369518280029297
22,DTree,1.0,1.0,1.0,1.0,1.0,0.9999999998958333,1.0,1.0,960,0,0,960,0.21965456008911133,0.5895833333333333,0.56656346749226,0.7625,0.4166666666666667,0.6500888099467139,0.6369426747535397,0.19094899116009922,0.5895833333333333,100,140,57,183,0.0007562637329101562
23,DTree,1.0,1.0,1.0,1.0,1.0,0.9999999998958333,1.0,1.0,960,0,0,960,0.1854417324066162,0.5375,0.5316901408450704,0.6291666666666667,0.44583333333333336,0.5763358778625954,0.545918367068409,0.07629310659817629,0.5375,107,133,89,151,0.0008828639984130859
24,DTree,1.0,1.0,1.0,1.0,1.0,0.9999999998958333,1.0,1.0,960,0,0,960,0.19019508361816406,0.5666666666666667,0.5597014925373134,0.625,0.5083333333333333,0.5905511811023623,0.5754716978417587,0.13425011019264055,0.5666666666666667,122,118,90,150,0.0007627010345458984
25,DTree,1.0,1.0,1.0,1.0,1.0,0.9999999998958333,1.0,1.0,960,0,0,960,0.2069094181060791,0.5729166666666666,0.5605536332179931,0.675,0.4708333333333333,0.612476370510397,0.5916230363394644,0.14897124226608682,0.5729166666666667,113,127,78,162,0.0007269382476806641
26,DTree,1.0,1.0,1.0,1.0,1.0,0.9999999998958333,1.0,1.0,960,0,0,960,0.21776604652404785,0.5854166666666667,0.5681063122923588,0.7125,0.4583333333333333,0.6321626617375231,0.6145251393214943,0.1766339143804177,0.5854166666666667,110,130,69,171,0.0007672309875488281
27,DTree,1.0,1.0,1.0,1.0,1.0,0.9999999998958333,1.0,1.0,960,0,0,960,0.18520474433898926,0.50625,0.5057034220532319,0.5541666666666667,0.4583333333333333,0.5288270377733598,0.5069124421627131,0.012557798597657006,0.5062500000000001,110,130,107,133,0.0007777214050292969
28,DTree,1.0,1.0,1.0,1.0,1.0,0.9999999998958333,1.0,1.0,960,0,0,960,0.21965956687927246,0.5708333333333333,0.5594405594405595,0.6666666666666666,0.475,0.6083650190114069,0.58762886567648,0.14434277005733595,0.5708333333333333,114,126,80,160,0.0008025169372558594
29,DTree,1.0,1.0,1.0,1.0,1.0,0.9999999998958333,1.0,1.0,960,0,0,960,0.23219871520996094,0.60625,0.5888501742160279,0.7041666666666667,0.5083333333333333,0.6413662239089184,0.6321243520040807,0.21669583958021033,0.60625,122,118,71,169,0.0008203983306884766
30,DTree,1.0,1.0,1.0,1.0,1.0,0.9999999998958333,1.0,1.0,960,0,0,960,0.1895902156829834,0.5895833333333333,0.5723905723905723,0.7083333333333334,0.4708333333333333,0.6331471135940409,0.61748633846039,0.18444406538185482,0.5895833333333333,113,127,70,170,0.0007188320159912109
31,DTree,1.0,1.0,1.0,1.0,1.0,0.9999999998958333,1.0,1.0,960,0,0,960,0.23261117935180664,0.5645833333333333,0.5786802030456852,0.475,0.6541666666666667,0.5217391304347827,0.5547703178251695,0.13129112297158377,0.5645833333333333,157,83,126,114,0.0007450580596923828
32,DTree,1.0,1.0,1.0,1.0,1.0,0.9999999998958333,1.0,1.0,960,0,0,960,0.23924541473388672,0.55625,0.5517241379310345,0.6,0.5125,0.5748502994011977,0.56164383535998,0.11293315290069031,0.5562499999999999,123,117,96,144,0.0007598400115966797
33,DTree,1.0,1.0,1.0,1.0,1.0,0.9999999998958333,1.0,1.0,960,0,0,960,0.20810651779174805,0.5854166666666667,0.5773584905660377,0.6375,0.5333333333333333,0.6059405940594059,0.5953488369323959,0.17176777490249423,0.5854166666666667,128,112,87,153,0.0008256435394287109
34,DTree,1.0,1.0,1.0,1.0,1.0,0.9999999998958333,1.0,1.0,960,0,0,960,0.18769407272338867,0.55625,0.5509433962264151,0.6083333333333333,0.5041666666666667,0.5782178217821783,0.5627906974126555,0.11311536396017913,0.5562499999999999,121,119,94,146,0.0007898807525634766
35,DTree,1.0,1.0,1.0,1.0,1.0,0.9999999998958333,1.0,1.0,960,0,0,960,0.19020318984985352,0.5375,0.5335820895522388,0.5958333333333333,0.4791666666666667,0.562992125984252,0.5424528299328053,0.07551568698336031,0.5375,115,125,97,143,0.0007579326629638672
36,DTree,1.0,1.0,1.0,1.0,1.0,0.9999999998958333,1.0,1.0,960,0,0,960,0.19104337692260742,0.5854166666666667,0.575091575091575,0.6541666666666667,0.5166666666666667,0.6120857699805069,0.5990338161357325,0.17247150793904736,0.5854166666666667,124,116,83,157,0.0007576942443847656
37,DTree,1.0,1.0,1.0,1.0,1.0,0.9999999998958333,1.0,1.0,960,0,0,960,0.18524599075317383,0.5416666666666666,0.534965034965035,0.6375,0.44583333333333336,0.5817490494296578,0.5515463914682751,0.08490751179843291,0.5416666666666666,107,133,87,153,0.0007741451263427734
38,DTree,1.0,1.0,1.0,1.0,1.0,0.9999999998958333,1.0,1.0,960,0,0,960,0.1856224536895752,0.5958333333333333,0.5827338129496403,0.675,0.5166666666666667,0.6254826254826255,0.613861385834722,0.19411529175187456,0.5958333333333333,124,116,78,162,0.0007755756378173828
39,DTree,1.0,1.0,1.0,1.0,1.0,0.9999999998958333,1.0,1.0,960,0,0,960,0.19386649131774902,0.575,0.5608108108108109,0.6916666666666667,0.4583333333333333,0.619402985074627,0.5978260866316163,0.15425801329298872,0.575,110,130,74,166,0.0008127689361572266
40,DTree,1.0,1.0,1.0,1.0,1.0,0.9999999998958333,1.0,1.0,960,0,0,960,0.444338321685791,0.6083333333333333,0.5855263157894737,0.7416666666666667,0.475,0.6544117647058824,0.6477272723592459,0.22480720075647426,0.6083333333333334,114,126,62,178,0.00039696693420410156
41,DTree,1.0,1.0,1.0,1.0,1.0,0.9999999998958333,1.0,1.0,960,0,0,960,0.2215735912322998,0.5729166666666666,0.5665399239543726,0.6208333333333333,0.525,0.5924453280318092,0.5806451610227442,0.1465076503059984,0.5729166666666666,126,114,91,149,0.0006558895111083984
42,DTree,1.0,1.0,1.0,1.0,1.0,0.9999999998958333,1.0,1.0,960,0,0,960,0.2218773365020752,0.5479166666666667,0.5415162454873647,0.625,0.4708333333333333,0.5802707930367504,0.5566502460312068,0.09699289731800848,0.5479166666666667,113,127,90,150,0.0006177425384521484
43,DTree,1.0,1.0,1.0,1.0,1.0,0.9999999998958333,1.0,1.0,960,0,0,960,0.20223450660705566,0.5020833333333333,0.5018181818181818,0.575,0.42916666666666664,0.5359223300970875,0.5024390241451517,0.004211693151426613,0.5020833333333333,103,137,102,138,0.0003979206085205078
44,DTree,1.0,1.0,1.0,1.0,1.0,0.9999999998958333,1.0,1.0,960,0,0,960,0.22636699676513672,0.5270833333333333,0.5224913494809689,0.6291666666666667,0.425,0.5708884688090737,0.5340314133329679,0.055332175698832246,0.5270833333333333,102,138,89,151,0.0005977153778076172
45,DTree,1.0,1.0,1.0,1.0,1.0,0.9999999998958333,1.0,1.0,960,0,0,960,0.1819472312927246,0.5625,0.5539568345323741,0.6416666666666667,0.48333333333333334,0.5945945945945946,0.5742574254582884,0.12659692940339645,0.5625,116,124,86,154,0.0004000663757324219
46,DTree,1.0,1.0,1.0,1.0,1.0,0.9999999998958333,1.0,1.0,960,0,0,960,0.1997532844543457,0.5479166666666667,0.5374592833876222,0.6875,0.4083333333333333,0.603290676416819,0.5664739881118648,0.09980116173378936,0.5479166666666667,98,142,75,165,0.0003902912139892578
47,DTree,1.0,1.0,1.0,1.0,1.0,0.9999999998958333,1.0,1.0,960,0,0,960,0.2219076156616211,0.5833333333333334,0.5833333333333334,0.5833333333333334,0.5833333333333334,0.5833333333333334,0.5833333330902778,0.16666666666666666,0.5833333333333333,140,100,100,140,0.0005843639373779297
48,DTree,1.0,1.0,1.0,1.0,1.0,0.9999999998958333,1.0,1.0,960,0,0,960,0.2137141227722168,0.5791666666666667,0.559748427672956,0.7416666666666667,0.4166666666666667,0.6379928315412187,0.6172839502362445,0.16742200142938599,0.5791666666666666,100,140,62,178,0.0006024837493896484
49,DTree,1.0,1.0,1.0,1.0,1.0,0.9999999998958333,1.0,1.0,960,0,0,960,0.27985334396362305,0.5645833333333333,0.5521885521885522,0.6833333333333333,0.44583333333333336,0.6108007448789573,0.5846994532324047,0.13297130294970927,0.5645833333333333,107,133,76,164,0.0006251335144042969
50,DTree,1.0,1.0,1.0,1.0,1.0,0.9999999998958333,1.0,1.0,960,0,0,960,0.19265389442443848,0.56875,0.5595667870036101,0.6458333333333334,0.49166666666666664,0.5996131528046421,0.5812807878909947,0.13916372223888174,0.5687500000000001,118,122,85,155,0.00042629241943359375
51,DTree,1.0,1.0,1.0,1.0,1.0,0.9999999998958333,1.0,1.0,960,0,0,960,0.2411482334136963,0.5583333333333333,0.5679611650485437,0.4875,0.6291666666666667,0.5246636771300448,0.5510948903098193,0.11785530598410691,0.5583333333333333,151,89,123,117,0.0005967617034912109
52,DTree,1.0,1.0,1.0,1.0,1.0,0.9999999998958333,1.0,1.0,960,0,0,960,0.20680737495422363,0.55,0.55,0.55,0.55,0.55,0.5499999997708334,0.1,0.55,132,108,108,132,0.0004169940948486328
53,DTree,1.0,1.0,1.0,1.0,1.0,0.9999999998958333,1.0,1.0,960,0,0,960,0.1989431381225586,0.5416666666666666,0.5387596899224806,0.5791666666666667,0.5041666666666667,0.5582329317269077,0.5450450447995293,0.08356870176065004,0.5416666666666666,121,119,101,139,0.0006849765777587891
54,DTree,1.0,1.0,1.0,1.0,1.0,0.9999999998958333,1.0,1.0,960,0,0,960,0.2286844253540039,0.5708333333333333,0.5620437956204379,0.6416666666666667,0.5,0.5992217898832685,0.5825242715618815,0.14311001440927268,0.5708333333333333,120,120,86,154,0.000408172607421875
55,DTree,1.0,1.0,1.0,1.0,1.0,0.9999999998958333,1.0,1.0,960,0,0,960,0.1915438175201416,0.5125,0.5125,0.5125,0.5125,0.5125,0.5124999997864583,0.025,0.5125,123,117,117,123,0.0004265308380126953
56,DTree,1.0,1.0,1.0,1.0,1.0,0.9999999998958333,1.0,1.0,960,0,0,960,0.20925521850585938,0.55,0.5408163265306123,0.6625,0.4375,0.5955056179775281,0.5645161287287548,0.10263160115815707,0.55,105,135,81,159,0.0005857944488525391
57,DTree,1.0,1.0,1.0,1.0,1.0,0.9999999998958333,1.0,1.0,960,0,0,960,0.22891712188720703,0.5583333333333333,0.5551181102362205,0.5875,0.5291666666666667,0.5708502024291499,0.5619469024062183,0.116865670054527,0.5583333333333333,127,113,99,141,0.0004215240478515625
58,DTree,1.0,1.0,1.0,1.0,1.0,0.9999999998958333,1.0,1.0,960,0,0,960,0.2144625186920166,0.5791666666666667,0.5736434108527132,0.6166666666666667,0.5416666666666666,0.5943775100401606,0.5855855853218083,0.15878053334523506,0.5791666666666667,130,110,92,148,0.0004165172576904297
59,DTree,1.0,1.0,1.0,1.0,1.0,0.9999999998958333,1.0,1.0,960,0,0,960,0.19298362731933594,0.5729166666666666,0.5697211155378487,0.5958333333333333,0.55,0.5824847250509165,0.5764192137220877,0.14598675072456163,0.5729166666666666,132,108,97,143,0.00040841102600097656
60,DTree,1.0,1.0,1.0,1.0,1.0,0.9999999998958333,1.0,1.0,960,0,0,960,0.18845653533935547,0.4979166666666667,0.49853372434017595,0.7083333333333334,0.2875,0.5851979345955249,0.49640287734071736,-0.004593200573484645,0.4979166666666667,69,171,70,170,0.00040602684020996094
61,DTree,1.0,1.0,1.0,1.0,1.0,0.9999999998958333,1.0,1.0,960,0,0,960,0.19110894203186035,0.50625,0.5037220843672456,0.8458333333333333,0.16666666666666666,0.6314152410575427,0.5194805188058695,0.01703034198414889,0.50625,40,200,37,203,0.0005619525909423828
62,DTree,1.0,1.0,1.0,1.0,1.0,0.9999999998958333,1.0,1.0,960,0,0,960,0.2528202533721924,0.59375,0.5974025974025974,0.575,0.6125,0.5859872611464968,0.5903614455460396,0.18763197514636026,0.59375,147,93,102,138,0.0005970001220703125
63,DTree,1.0,1.0,1.0,1.0,1.0,0.9999999998958333,1.0,1.0,960,0,0,960,0.202880859375,0.5541666666666667,0.5619047619047619,0.49166666666666664,0.6166666666666667,0.5244444444444445,0.5481481479451302,0.10918973664711008,0.5541666666666667,148,92,122,118,0.0007872581481933594
64,DTree,1.0,1.0,1.0,1.0,1.0,0.9999999998958333,1.0,1.0,960,0,0,960,0.2280576229095459,0.54375,0.5428571428571428,0.5541666666666667,0.5333333333333333,0.5484536082474227,0.5446808508320508,0.08751899489873673,0.54375,128,112,107,133,0.0006093978881835938
65,DTree,1.0,1.0,1.0,1.0,1.0,0.9999999998958333,1.0,1.0,960,0,0,960,0.18380403518676758,0.5854166666666667,0.5927601809954751,0.5458333333333333,0.625,0.5683297180043384,0.5791505789269689,0.17137120000635345,0.5854166666666667,150,90,109,131,0.0004184246063232422
66,DTree,1.0,1.0,1.0,1.0,1.0,0.9999999998958333,1.0,1.0,960,0,0,960,0.20215272903442383,0.5479166666666667,0.5372168284789643,0.6916666666666667,0.4041666666666667,0.6047358834244081,0.5672514616565781,0.10005770586573144,0.5479166666666666,97,143,74,166,0.0007872581481933594
67,DTree,1.0,1.0,1.0,1.0,1.0,0.9999999998958333,1.0,1.0,960,0,0,960,0.1920788288116455,0.5395833333333333,0.5335689045936396,0.6291666666666667,0.45,0.5774378585086043,0.5482233499755211,0.08046875278903522,0.5395833333333333,108,132,89,151,0.0004165172576904297
68,DTree,1.0,1.0,1.0,1.0,1.0,0.9999999998958333,1.0,1.0,960,0,0,960,0.20966148376464844,0.5958333333333333,0.5827338129496403,0.675,0.5166666666666667,0.6254826254826255,0.613861385834722,0.19411529175187456,0.5958333333333333,124,116,78,162,0.0004220008850097656
69,DTree,1.0,1.0,1.0,1.0,1.0,0.9999999998958333,1.0,1.0,960,0,0,960,0.1878070831298828,0.5729166666666666,0.5641025641025641,0.6416666666666667,0.5041666666666667,0.6003898635477583,0.5845410625195454,0.14723177506991847,0.5729166666666666,121,119,86,154,0.0008912086486816406
70,DTree,1.0,1.0,1.0,1.0,1.0,0.9999999998958333,1.0,1.0,960,0,0,960,0.18687105178833008,0.5645833333333333,0.5571955719557196,0.6291666666666667,0.5,0.5909980430528375,0.5741626791511184,0.1302578499366459,0.5645833333333333,120,120,89,151,0.0004260540008544922
71,DTree,1.0,1.0,1.0,1.0,1.0,0.9999999998958333,1.0,1.0,960,0,0,960,0.2042701244354248,0.5395833333333333,0.5358490566037736,0.5916666666666667,0.4875,0.5623762376237623,0.5441860462585182,0.0795997005645705,0.5395833333333334,117,123,98,142,0.0004074573516845703
72,DTree,1.0,1.0,1.0,1.0,1.0,0.9999999998958333,1.0,1.0,960,0,0,960,0.19621706008911133,0.5354166666666667,0.532319391634981,0.5833333333333334,0.4875,0.5566600397614314,0.5391705066639767,0.07116085872005637,0.5354166666666667,117,123,100,140,0.00042891502380371094
73,DTree,1.0,1.0,1.0,1.0,1.0,0.9999999998958333,1.0,1.0,960,0,0,960,0.20632314682006836,0.55625,0.5460750853242321,0.6666666666666666,0.44583333333333336,0.600375234521576,0.5721925130629987,0.11534775616797582,0.5562499999999999,107,133,80,160,0.0005819797515869141
74,DTree,1.0,1.0,1.0,1.0,1.0,0.9999999998958333,1.0,1.0,960,0,0,960,0.24129462242126465,0.525,0.5232558139534884,0.5625,0.4875,0.5421686746987951,0.5270270267896274,0.05014122105639002,0.525,117,123,105,135,0.00040149688720703125
75,DTree,1.0,1.0,1.0,1.0,1.0,0.9999999998958333,1.0,1.0,960,0,0,960,0.17832732200622559,0.53125,0.5183374083129584,0.8833333333333333,0.17916666666666667,0.6533127889060092,0.6056338019638962,0.08802386435289149,0.53125,43,197,28,212,0.0005750656127929688
76,DTree,1.0,1.0,1.0,1.0,1.0,0.9999999998958333,1.0,1.0,960,0,0,960,0.20556855201721191,0.5354166666666667,0.5355648535564853,0.5333333333333333,0.5375,0.534446764091858,0.5352697093214649,0.07083394821402479,0.5354166666666667,129,111,112,128,0.00041365623474121094
77,DTree,1.0,1.0,1.0,1.0,1.0,0.9999999998958333,1.0,1.0,960,0,0,960,0.1983945369720459,0.5395833333333333,0.5372549019607843,0.5708333333333333,0.5083333333333333,0.5535353535353537,0.5422222219812346,0.07932174353745226,0.5395833333333333,122,118,103,137,0.00042247772216796875
78,DTree,1.0,1.0,1.0,1.0,1.0,0.9999999998958333,1.0,1.0,960,0,0,960,0.19848394393920898,0.5,0.5,0.625,0.375,0.5555555555555556,0.49999999972222225,0.0,0.5,90,150,90,150,0.0003960132598876953
79,DTree,1.0,1.0,1.0,1.0,1.0,0.9999999998958333,1.0,1.0,960,0,0,960,0.20221185684204102,0.5145833333333333,0.5129151291512916,0.5791666666666667,0.45,0.5440313111545989,0.5167464112360065,0.029413062888920042,0.5145833333333334,108,132,101,139,0.0006392002105712891
80,DTree,1.0,1.0,1.0,1.0,1.0,0.9999999998958333,1.0,1.0,960,0,0,960,0.19430303573608398,0.5729166666666666,0.5645756457564576,0.6375,0.5083333333333333,0.598825831702544,0.5837320571369703,0.14706531444460022,0.5729166666666666,122,118,87,153,0.0006291866302490234
81,DTree,1.0,1.0,1.0,1.0,1.0,0.9999999998958333,1.0,1.0,960,0,0,960,0.20827937126159668,0.53125,0.5274725274725275,0.6,0.4625,0.5614035087719298,0.5362318837989218,0.06309933217282221,0.53125,111,129,96,144,0.0007774829864501953
82,DTree,1.0,1.0,1.0,1.0,1.0,0.9999999998958333,1.0,1.0,960,0,0,960,0.23645472526550293,0.5041666666666667,0.5027624309392266,0.7583333333333333,0.25,0.6046511627906976,0.5084745758402758,0.009676865543833981,0.5041666666666667,60,180,58,182,0.0005581378936767578
83,DTree,1.0,1.0,1.0,1.0,1.0,0.9999999998958333,1.0,1.0,960,0,0,960,0.22464227676391602,0.5645833333333333,0.5563636363636364,0.6375,0.49166666666666664,0.5941747572815533,0.5756097558167758,0.13056248769422502,0.5645833333333333,118,122,87,153,0.0006458759307861328
84,DTree,1.0,1.0,1.0,1.0,1.0,0.9999999998958333,1.0,1.0,960,0,0,960,0.22022199630737305,0.55,0.5434782608695652,0.625,0.475,0.5813953488372093,0.5588235291378316,0.10114434748483472,0.55,114,126,90,150,0.00041413307189941406
85,DTree,1.0,1.0,1.0,1.0,1.0,0.9999999998958333,1.0,1.0,960,0,0,960,0.19678544998168945,0.5645833333333333,0.5476923076923077,0.7416666666666667,0.3875,0.6300884955752213,0.5999999996129033,0.13811923499977502,0.5645833333333333,93,147,62,178,0.0005919933319091797
86,DTree,1.0,1.0,1.0,1.0,1.0,0.9999999998958333,1.0,1.0,960,0,0,960,0.21320652961730957,0.5666666666666667,0.5536912751677853,0.6875,0.44583333333333336,0.6133828996282529,0.5879120875890593,0.13740614400618975,0.5666666666666667,107,133,75,165,0.00040459632873535156
87,DTree,1.0,1.0,1.0,1.0,1.0,0.9999999998958333,1.0,1.0,960,0,0,960,0.19192290306091309,0.5270833333333333,0.5351351351351351,0.4125,0.6416666666666667,0.4658823529411764,0.5220338981281241,0.05564760532145036,0.5270833333333333,154,86,141,99,0.00040721893310546875
88,DTree,1.0,1.0,1.0,1.0,1.0,0.9999999998958333,1.0,1.0,960,0,0,960,0.1766040325164795,0.5770833333333333,0.5719844357976653,0.6125,0.5416666666666666,0.591549295774648,0.5829596409941885,0.1545548830643856,0.5770833333333334,130,110,93,147,0.00042891502380371094
89,DTree,1.0,1.0,1.0,1.0,1.0,0.9999999998958333,1.0,1.0,960,0,0,960,0.26691436767578125,0.525,0.5172413793103449,0.75,0.3,0.6122448979591838,0.5454545450413223,0.055989251095585425,0.525,72,168,60,180,0.0006656646728515625
90,DTree,1.0,1.0,1.0,1.0,1.0,0.9999999998958333,1.0,1.0,960,0,0,960,0.20234251022338867,0.5458333333333333,0.5482456140350878,0.5208333333333334,0.5708333333333333,0.5341880341880342,0.5436507934350592,0.09178146529232246,0.5458333333333334,137,103,115,125,0.00038743019104003906
91,DTree,1.0,1.0,1.0,1.0,1.0,0.9999999998958333,1.0,1.0,960,0,0,960,0.19145655632019043,0.5708333333333333,0.5720338983050848,0.5625,0.5791666666666667,0.5672268907563025,0.5696721309140688,0.14168634669269295,0.5708333333333333,139,101,105,135,0.00039839744567871094
92,DTree,1.0,1.0,1.0,1.0,1.0,0.9999999998958333,1.0,1.0,960,0,0,960,0.205430269241333,0.5416666666666666,0.5362318840579711,0.6166666666666667,0.4666666666666667,0.5736434108527132,0.54901960757401,0.08428695623736226,0.5416666666666667,112,128,92,148,0.0006823539733886719
93,DTree,1.0,1.0,1.0,1.0,1.0,0.9999999998958333,1.0,1.0,960,0,0,960,0.1996443271636963,0.5541666666666667,0.5492424242424242,0.6041666666666666,0.5041666666666667,0.5753968253968254,0.5601851849258402,0.1088790966530813,0.5541666666666666,121,119,95,145,0.00041031837463378906
94,DTree,1.0,1.0,1.0,1.0,1.0,0.9999999998958333,1.0,1.0,960,0,0,960,0.1939985752105713,0.4875,0.4892086330935252,0.5666666666666667,0.4083333333333333,0.5250965250965252,0.48514851461131264,-0.02531938588067929,0.4875,98,142,104,136,0.0004189014434814453
95,DTree,1.0,1.0,1.0,1.0,1.0,0.9999999998958333,1.0,1.0,960,0,0,960,0.22857046127319336,0.5395833333333333,0.5363984674329502,0.5833333333333334,0.49583333333333335,0.5588822355289421,0.5433789951856717,0.07947147796715244,0.5395833333333333,119,121,100,140,0.0006003379821777344
96,DTree,1.0,1.0,1.0,1.0,1.0,0.9999999998958333,1.0,1.0,960,0,0,960,0.21919465065002441,0.5416666666666666,0.5387596899224806,0.5791666666666667,0.5041666666666667,0.5582329317269077,0.5450450447995293,0.08356870176065004,0.5416666666666666,121,119,101,139,0.00058746337890625
97,DTree,1.0,1.0,1.0,1.0,1.0,0.9999999998958333,1.0,1.0,960,0,0,960,0.21064090728759766,0.5520833333333334,0.5435540069686411,0.65,0.45416666666666666,0.5920303605313093,0.5647668390856131,0.10622345077461291,0.5520833333333334,109,131,84,156,0.000598907470703125
98,DTree,1.0,1.0,1.0,1.0,1.0,0.9999999998958333,1.0,1.0,960,0,0,960,0.20651555061340332,0.5354166666666667,0.5227882037533512,0.8125,0.25833333333333336,0.6362153344208809,0.5794392517949166,0.08509472059433233,0.5354166666666667,62,178,45,195,0.0003826618194580078
99,DTree,1.0,1.0,1.0,1.0,1.0,0.9999999998958333,1.0,1.0,960,0,0,960,0.1836388111114502,0.5666666666666667,0.5754716981132075,0.5083333333333333,0.625,0.5398230088495575,0.5597014923284696,0.13425011019264055,0.5666666666666667,150,90,118,122,0.00042748451232910156
100,DTree,1.0,1.0,1.0,1.0,1.0,0.9999999998958333,1.0,1.0,960,0,0,960,0.16275787353515625,0.5041666666666667,0.5033333333333333,0.6291666666666667,0.37916666666666665,0.5592592592592592,0.5055555552746914,0.008606629658238704,0.5041666666666667,91,149,89,151,0.00040149688720703125
