subset,strategy,model,runtime,val_runtime,total_runtime,accuracy_mean,accuracy_median,accuracy_lower,accuracy_upper,accuracy_lower_whisker,accuracy_upper_whisker,precision_mean,precision_median,precision_lower,precision_upper,precision_lower_whisker,precision_upper_whisker,sensitivity_mean,sensitivity_median,sensitivity_lower,sensitivity_upper,sensitivity_lower_whisker,sensitivity_upper_whisker,specificity_mean,specificity_median,specificity_lower,specificity_upper,specificity_lower_whisker,specificity_upper_whisker,f1_score_mean,f1_score_median,f1_score_lower,f1_score_upper,f1_score_lower_whisker,f1_score_upper_whisker,auc_mean,auc_median,auc_lower,auc_upper,auc_lower_whisker,auc_upper_whisker,npv_mean,npv_median,npv_lower,npv_upper,npv_lower_whisker,npv_upper_whisker,mcc_mean,mcc_median,mcc_lower,mcc_upper,mcc_lower_whisker,mcc_upper_whisker,val_accuracy_mean,val_accuracy_median,val_accuracy_lower,val_accuracy_upper,val_accuracy_lower_whisker,val_accuracy_upper_whisker,val_precision_mean,val_precision_median,val_precision_lower,val_precision_upper,val_precision_lower_whisker,val_precision_upper_whisker,val_sensitivity_mean,val_sensitivity_median,val_sensitivity_lower,val_sensitivity_upper,val_sensitivity_lower_whisker,val_sensitivity_upper_whisker,val_specificity_mean,val_specificity_median,val_specificity_lower,val_specificity_upper,val_specificity_lower_whisker,val_specificity_upper_whisker,val_f1_score_mean,val_f1_score_median,val_f1_score_lower,val_f1_score_upper,val_f1_score_lower_whisker,val_f1_score_upper_whisker,val_auc_mean,val_auc_median,val_auc_lower,val_auc_upper,val_auc_lower_whisker,val_auc_upper_whisker,val_npv_mean,val_npv_median,val_npv_lower,val_npv_upper,val_npv_lower_whisker,val_npv_upper_whisker,val_mcc_mean,val_mcc_median,val_mcc_lower,val_mcc_upper,val_mcc_lower_whisker,val_mcc_upper_whisker
5,DL,VGG16,39.174240968665295,0.4235904070795799,39.59783137574488,64.01785721584243,63.80208134651184,59.53124761581421,66.14583134651184,49.60937201976776,76.06770694255829,63.05546213169488,63.479626178741455,56.59043788909912,66.16345643997192,42.23091006278992,80.52298426628113,62.971088472677735,62.968748807907104,56.99999928474426,66.19791388511658,43.20312738418579,79.99478578567505,63.416241261423856,63.85416388511658,58.17708373069763,66.51041507720947,45.67708671092987,79.01041209697723,63.35381427589728,63.32435607910156,58.48957896232605,66.16003513336182,46.9838947057724,77.66571938991547,66.98653795281236,68.36826801300049,58.40672254562378,72.12457060813904,37.82995045185089,92.70134270191193,63.40726796461611,63.44056725502014,58.20419788360596,66.2223219871521,46.17701172828674,78.24950814247131,26.82212723647149,26.888036727905263,16.456012427806847,32.349327206611626,-7.38395974040032,56.1892993748188,54.42176874803037,51.249998807907104,50.0,58.125001192092896,37.81249821186066,70.31250298023224,55.97099783469219,51.45089030265808,50.0,55.62043786048889,41.56934320926666,64.05109465122223,56.52210879168113,50.833332538604736,50.0,66.25000238418579,25.62499642372132,90.62500596046448,50.37840161738652,50.0,45.83333432674408,52.70833373069763,35.52083522081375,63.02083283662796,51.32192865641293,50.82051157951355,50.0,65.05951285362244,27.410730719566345,87.64878213405609,58.19044976818319,57.85112380981445,50.0,62.68793940544128,30.96809089183808,81.71984851360321,51.19616857596806,50.289857387542725,50.0,52.56337523460388,46.15493714809418,56.408438086509705,7.278324541996933,4.34113889932632,0.0,10.36000549793243,-15.540008246898646,25.900013744831075
10,DL,VGG16,42.13217217581613,0.4354034394634013,42.56757561527953,64.04230497321304,64.42708373069763,58.17708373069763,69.16666626930237,41.69270992279053,85.65104007720947,63.19619648310603,64.0350878238678,56.168967485427856,69.1428542137146,36.70813739299774,88.60368430614471,63.19515303689607,64.27083611488342,55.541664361953735,69.32291388511658,34.86979007720947,89.99478816986084,63.497024044698605,63.80208134651184,57.23958611488342,69.0625011920929,39.505213499069214,86.7968738079071,63.45823699114273,63.91048431396485,56.81094527244568,69.24242377281189,38.16372752189636,87.8896415233612,67.70702223388516,69.13996934890747,57.41002559661865,75.63630938529968,30.070599913597107,102.97573506832124,63.518043683499705,63.94165754318237,56.91125392913818,69.22393441200256,38.442233204841614,87.69295513629913,27.020936436495003,28.295239806175232,13.79392594099044,38.38971853256225,-23.09976294636728,75.28340741991997,55.78656452042716,53.958332538604736,50.0,61.04166507720947,33.43750238418579,77.60416269302368,54.510724057956615,53.50877046585083,50.0,61.06346249580383,33.40480625629425,77.65865623950958,51.29251702289496,50.62500238418579,50.0,62.5,31.25,81.25,57.82312918074277,52.70833373069763,50.0,68.33333373069763,22.499999403953552,95.83333432674408,48.83640839205105,50.64516067504883,50.0,62.91666030883789,30.625009536743164,82.29165077209473,58.84340916361127,58.14019441604614,50.0,65.73524475097656,26.39713287353516,89.3381118774414,52.67424610804539,50.98039507865906,50.0,57.98870921134949,38.01693618297577,69.97177302837372,9.502195308403092,6.08891583979129,0.0,16.81611686944961,-25.224175304174413,42.04029217362402
15,DL,VGG16,42.79909059952716,0.4384000787929613,43.23749067832012,65.74085914358801,64.84375,60.9375,67.60416626930237,50.93750059604645,77.60416567325592,65.13446849219653,64.44099545478821,59.759289026260376,67.42976307868958,48.25357794761658,78.93547415733337,65.1133078701642,64.21874761581421,59.53124761581421,67.5000011920929,47.57811725139618,79.45313155651093,65.24234706041764,64.58333134651184,59.94791388511658,67.39583611488342,48.77603054046631,78.56771945953369,65.18709696069055,64.46420550346375,59.54079031944275,67.46430993080139,47.65551090240479,79.34958934783936,69.80924204904207,68.82253289222717,63.99587392807007,72.892826795578,50.65044462680817,86.2382560968399,65.24848755525083,64.53911662101746,59.76656675338745,67.4679160118103,48.21454286575317,79.01993989944458,30.47956319487825,29.107126593589783,19.47214901447296,34.89791750907898,-3.666503727436074,58.03657025098801,56.04591880525861,56.04166388511658,50.62500238418579,60.208332538604736,36.25000715255737,74.58332777023315,55.12845437137448,53.02245020866394,50.0,61.56716346740723,32.64925479888916,78.91790866851807,49.460034100433845,50.0,38.7499988079071,60.208332538604736,6.56249821186064,92.3958331346512,59.630101927727154,56.87500238418579,50.0,73.95833134651184,14.06250298023224,109.8958283662796,47.7110645515198,50.0,46.26420140266418,61.25398278236389,23.77952933311461,83.73865485191347,59.67345128254015,60.55837869644165,55.68315982818604,63.26497197151184,44.31044161319733,74.63769018650055,51.24838641103433,52.291667461395264,50.0,56.60355091094971,40.09467363357544,66.50887727737427,9.173153642070837,5.386646464467041,0.0,13.91675919294357,-20.875138789415352,34.79189798235892
20,DL,VGG16,40.22286364010402,0.4384487988997478,40.66131243900377,62.50000024328426,62.447917461395264,55.05208373069763,67.39583611488342,36.53645515441895,85.91146469116211,61.802274475292286,62.079668045043945,53.535354137420654,67.28681921958923,32.908156514167786,87.9140168428421,61.83673465738491,62.39583492279053,53.50000262260437,67.81250238418579,32.03125298023224,89.28125202655792,61.96747470875176,61.82291507720947,54.47916388511658,67.03125238418579,35.65103113651276,85.85938513278961,61.99654140034501,62.27778792381287,54.378753900527954,67.56452918052673,34.600090980529785,87.3431921005249,65.5195981872325,66.17904901504517,54.35504913330078,73.02151322364807,26.35535299777985,101.021209359169,62.04243168538931,62.26060390472412,54.36016917228699,67.52533316612244,34.61242318153381,87.27307915687561,24.072421955096782,24.34748262166977,8.802413195371619,34.84851121902466,-30.26673384010794,73.91765825450423,54.76190496464165,52.291667461395264,50.0,59.375,35.9375,73.4375,50.766899877665,52.291667461395264,50.0,55.36627173423767,41.95059239864349,63.41567933559418,53.00170055457524,50.0,50.0,63.95833492279053,29.06249761581421,84.89583730697632,54.91496599754508,50.0,50.0,63.12500238418579,30.31249642372132,82.81250596046448,50.13202716197286,51.00529193878174,50.0,60.94186902046204,33.587196469306946,77.35467255115509,57.70893510507078,57.79817700386048,50.0,62.21680045127869,31.67479932308197,80.54200112819672,53.10803846437104,51.43116116523743,50.0,57.388049364089966,38.91792595386505,68.47012341022491,8.184391030167436,4.63698618113994,0.0,13.119612634181973,-19.67941895127296,32.79903158545493
25,DL,VGG16,40.90633529546309,0.4204397542136056,41.3267750496767,61.83035738614141,61.82291507720947,55.520832538604736,66.82291626930237,38.56770694255829,83.77604186534882,61.07334032350656,61.82008385658264,53.52172255516052,66.63217544555664,33.856043219566345,86.29785478115082,61.06887727367635,61.56250238418579,52.95833349227905,67.08333492279053,31.77083134651184,88.27083706855774,61.27657276027057,61.51041388511658,54.27083373069763,66.40625,36.06770932674408,84.60937440395355,61.18922495112127,61.63429617881775,53.89848351478577,66.86154007911682,34.453898668289185,86.3061249256134,64.51951691082546,65.18391966819763,54.11617159843445,71.58899903297424,27.90693044662476,97.79824018478394,61.28845743987025,61.80943250656128,53.90346646308899,66.8488085269928,34.48545336723328,86.26682162284851,22.54419242773129,23.57298880815506,7.73451030254364,33.49481225013733,-30.905942618846893,72.13526517152786,54.93622458710963,51.45833492279053,50.0,59.375,35.9375,73.4375,51.97422686888247,51.36268138885498,50.0,56.091368198394775,40.86294770240784,65.22842049598694,61.25425185476031,51.04166865348816,50.0,86.87499761581421,-5.3124964237213135,142.18749403953552,46.1394557681847,50.0,27.500000596046448,58.74999761581421,-19.3749949336052,105.62499314546584,53.973868185160114,51.07571482658386,50.0,66.66666269302368,25.00000596046448,91.6666567325592,58.3439536240636,58.64670276641846,50.0,64.63150978088379,28.05273532867432,86.57877445220947,48.04871660106036,52.03282833099365,50.0,56.460607051849365,40.30908942222595,66.15151762962341,7.59282085892497,3.28071899712085,0.0,11.02575287222862,-16.538629308342927,27.564382180571545
30,DL,VGG16,39.67333983888432,0.4245713049051713,40.09791114378949,61.36798463305648,60.31249761581421,53.54166626930237,66.7187511920929,33.77603888511658,86.48437857627869,61.15506662397968,60.14127135276794,52.9707133769989,66.64929389953613,32.452842593193054,87.16716468334198,61.13775536722067,60.52083373069763,52.8333306312561,66.61458611488342,32.161447405815125,87.2864693403244,61.11181986575224,59.687501192092896,52.91666388511658,66.66666865348816,32.291656732559204,87.29167580604553,61.02245529087222,60.48487424850464,52.57374048233032,66.64407849311829,31.468233466148376,87.74958550930023,64.58469623205613,63.74706625938416,53.69237661361694,71.92854881286621,26.33811831474304,99.28280711174013,61.13466930632688,60.53200960159302,52.6494026184082,66.60556197166443,31.715163588523865,87.53980100154877,22.220391715515632,20.95353901386261,5.22586666047573,33.28764140605926,-36.86679545789956,75.38030352443454,54.90646289319409,50.62500238418579,50.0,59.79166626930237,35.31250059604645,74.47916567325592,51.609957643917625,50.0,50.0,58.26210975646973,37.60683536529541,70.65527439117432,57.12159862931894,50.0,50.0,70.41666507720947,19.37500238418579,101.04166269302368,50.14455783066853,50.0,47.70833253860473,62.70833611488342,25.208327174186696,85.20834147930147,51.03720942017983,50.0,50.0,66.5531575679779,25.170263648033146,91.38289391994476,57.75629318490321,55.02191185951233,50.0,64.12001252174377,28.81998121738434,85.30003130435944,49.10754053568353,50.0,50.0,55.62956929206848,41.55564606189728,64.0739232301712,7.639675756336703,0.0,0.0,10.82042083144187,-16.230631247162805,27.05105207860468
35,DL,VGG16,43.356852074058686,0.431762442296865,43.78861451635555,62.58928605488369,62.86458373069763,54.53125238418579,68.02083253860474,34.29688215255737,88.25520277023315,62.16872675078256,62.94363141059876,53.87484431266785,68.02083253860474,32.65586197376251,89.23981487751007,62.27678620085424,62.812501192092896,54.00000214576721,68.02083253860474,32.968756556510925,89.05207812786102,62.059948638993866,63.02083134651184,53.28124761581421,68.02083253860474,31.17187023162841,90.13020992279051,62.16613589500894,62.84257769584656,54.20002341270447,68.02139282226562,33.46796929836273,88.75344693660736,65.93555260677726,67.65685081481934,54.867810010910034,74.23794865608215,25.81260204315185,103.29315662384032,62.18437345660463,62.83572316169739,54.4369637966156,68.01981329917908,34.062689542770386,88.39408755302429,24.35276945862843,25.83883404731749,8.586464822292319,36.04227602481842,-32.59725198149683,77.22599282860759,55.47619036265782,52.49999761581421,50.0,58.95833373069763,36.56249940395355,72.39583432674408,51.54770211297639,51.04166865348816,50.0,55.93803524971008,41.09294712543488,64.84508812427521,54.77040832748219,50.62500238418579,50.0,63.749998807907104,29.375001788139343,84.37499701976776,53.89455775920378,50.0,50.0,65.41666388511658,26.87500417232513,88.54165971279144,51.76442010062081,50.64548850059509,50.0,62.33763098716736,31.49355351924896,80.8440774679184,58.75642591593216,58.30230116844177,50.0,63.31684589385986,30.024731159210205,83.29211473464966,50.37007663322954,50.0,50.0,55.8793842792511,41.18092358112335,64.69846069812775,8.554798151765548,2.0833333954215,0.0,13.52553069591522,-20.288296043872823,33.81382673978804
40,DL,VGG16,39.19651321975552,0.4210988502113186,39.61761206996684,61.55718492001904,61.04166507720947,53.958332538604736,66.56249761581421,35.05208492279053,85.46874523162842,60.94260039378185,60.258400440216064,52.44205594062805,66.14745855331421,31.883952021598816,86.70556247234344,60.98639429831992,60.104167461395264,52.91666388511658,66.35416746139526,32.76040852069855,86.5104228258133,60.98107993602753,59.94791388511658,52.70833373069763,66.04166626930237,32.70833492279053,86.04166507720947,61.01723313331604,60.48802137374878,53.21087837219238,66.23775959014893,33.67055654525757,85.77808141708374,64.16418509823936,64.66196179389954,52.73844003677368,70.87525725364685,25.533214211463928,98.0804830789566,61.06754547479202,60.35058498382568,53.13149690628052,66.27631783485413,33.414265513420105,85.99354922771454,22.118385377154706,20.70577740669249,6.16949014365673,32.41312205791473,-33.19595772773026,71.77856992930171,56.46683695364971,51.66666507720947,50.0,62.5,31.25,81.25,53.21884045795519,51.13759636878967,50.0,60.64516305923462,34.03225541114807,76.61290764808655,53.55442179823105,50.0,50.0,68.54166388511658,22.18750417232513,96.35415971279144,56.43707488530448,50.0,50.0,71.45833373069763,17.812499403953552,103.64583432674408,50.47199147164213,50.0,50.0,64.94230031967163,27.58654952049256,87.35575079917908,59.51181175757427,57.93185830116272,50.0,67.45702624320984,23.81446063518524,93.6425656080246,53.68607786236977,50.40404200553894,50.0,60.2016806602478,34.697479009628296,75.5042016506195,10.491858809540162,2.98414602875709,0.0,20.11018097400665,-30.16527146100997,50.27545243501662
45,DL,VGG16,34.70214319229126,0.4376478146533576,35.13979100694462,59.09970220254392,55.20833134651184,53.125,66.19791388511658,33.515629172325134,85.80728471279144,58.56571611093016,55.18091917037964,51.96687579154968,66.06311202049255,30.822521448135376,87.20746636390686,58.60650484659233,55.79166412353516,52.16666460037232,66.45833253860474,30.72916269302368,87.89583444595337,58.55548460872806,54.635417461395264,51.875001192092896,65.83333611488342,30.937498807907104,86.77083849906921,58.559584252688346,54.6036422252655,51.89095735549927,66.27864241600037,30.30942976474762,87.86017000675201,61.36418702651043,57.96782970428467,52.38704681396485,70.56122422218323,25.125780701637268,97.8224903345108,58.65385094467474,54.30148243904114,52.199262380599976,66.23290181159973,31.148803234100345,87.28336095809937,17.258453452769583,8.53063091635704,4.33961227536201,32.36373364925384,-37.69656978547574,74.39991571009159,52.99744897959183,50.0,50.0,54.374998807907104,43.43750178813934,60.93749701976776,51.47850239763454,50.0,50.0,55.06912469863892,42.396312952041626,62.67281174659729,48.09523837602868,50.0,46.875,50.0,42.1875,54.6875,57.29591857109752,50.0,50.0,64.79166746139526,27.812498807907104,86.97916865348816,47.38505640048153,50.0,49.50264692306518,50.51282048225403,47.98738658428191,52.02808082103731,55.68641898583393,52.76020169258118,50.0,59.875428676605225,35.18685698509216,74.68857169151306,50.70408266417834,50.0,50.0,55.43310046195984,41.85034930706024,63.5827511548996,5.377372719195423,0.0,0.0,8.95130783319473,-13.426961749792094,22.378269582986825
50,DL,VGG16,35.53162152913152,0.4395224902094627,35.97114401934098,59.79698117898435,57.083332538604736,53.64583134651184,64.89583253860474,36.7708295583725,81.77083432674408,59.08466729582573,54.818522930145264,52.36122608184815,64.8494303226471,33.62891972064972,83.58173668384552,59.10352912484383,55.08333444595337,52.66666412353516,65.05208611488342,34.08853113651276,83.63021910190582,59.1889882574276,55.62499761581421,52.44791507720947,64.73958492279053,34.01041030883789,83.17708969116211,59.17950759128649,55.877166986465454,52.5092363357544,64.95251059532166,33.8443249464035,83.61742198467255,62.03017453758084,55.77000379562378,53.662413358688354,71.36495113372803,27.108606696128845,97.91875779628754,59.25728119149501,56.05374574661255,52.464759349823,64.93703126907349,33.756351470947266,83.64543914794922,18.487546292646805,11.85912564396858,4.83999140560627,29.79696393013,-32.59546738117932,67.23242271691558,54.06462598820122,50.0,50.0,56.45833611488342,40.31249582767487,66.14584028720856,48.88015340785591,50.0,50.0,52.23214030265808,46.65178954601288,55.5803507566452,51.45833334999577,50.0,50.0,55.62499761581421,41.56250357627869,64.06249403953552,53.329081799150735,50.0,50.0,66.45833253860474,25.312501192092896,91.14583134651184,47.48755383058166,50.0,50.0,55.04629611968994,42.43055582046509,62.61574029922485,57.02286210595345,53.937721252441406,50.0,60.73697209358215,33.89454185962677,76.84243023395538,49.28994686627875,50.0,50.0,51.04166865348816,48.43749701976776,52.6041716337204,5.087365991226871,0.0,0.0,4.86286096274852,-7.294291444122781,12.1571524068713
55,DL,VGG16,37.22274353552838,0.4279071262904576,37.65065066181884,60.67708371853342,59.427082538604736,54.11458611488342,67.44791865348816,34.11458730697632,87.44791746139526,60.19335827048944,58.955615758895874,53.45755815505981,66.96242094039917,33.20026397705078,87.2197151184082,60.23639483111245,58.80208611488342,53.33333611488342,66.92708134651184,32.9427182674408,87.31769919395447,60.10948145876125,59.062498807907104,53.072917461395264,67.03125238418579,32.13541507720947,87.96875476837158,60.15585545374422,58.86463522911072,53.08712720870972,66.9296145439148,32.3233962059021,87.69334554672241,63.610463300529794,62.90443539619446,53.95880341529846,72.57481813430786,26.034781336784363,100.49884021282196,60.21301046926149,58.87317061424256,53.20045351982117,66.94044470787048,32.59046673774719,87.55043148994446,20.38987014366656,17.9046094417572,6.27320408821106,33.87972414493561,-35.13657599687576,75.28950423002243,54.7108844834931,51.249998807907104,50.0,59.375,35.9375,73.4375,53.61911234806996,51.35135054588318,50.0,62.97872066497803,30.53191900253296,82.44680166244507,52.67006778110731,50.0,41.45833253860473,66.25000238418579,4.270827770233137,103.43750715255736,54.3962584162245,50.0,47.49999940395355,76.66666507720947,3.750000894069672,120.41666358709335,47.829642098359,50.0,48.79852533340454,64.35403823852539,25.465255975723267,87.68730759620667,58.260628763510255,58.07444453239441,50.0,63.28558921813965,30.071616172790527,83.21397304534912,49.12675904984377,50.21334886550903,50.0,54.77586388587952,42.836204171180725,61.93965971469879,7.5275132679665555,2.01948173344135,0.0,14.66800421476364,-22.002006322145466,36.6700105369091
60,DL,VGG16,35.29254665180128,0.4221653743666045,35.71471202616789,59.87244929586139,59.79166626930237,53.80208492279053,65.05208611488342,36.927083134651184,81.92708790302277,59.498876819805226,58.851420879364014,53.118544816970825,64.99741673469543,35.30023694038391,82.81572461128235,59.54145424220027,58.95833373069763,53.458333015441895,65.10416865348816,35.9895795583725,82.57292211055756,59.48341847682486,59.322917461395264,53.28124761581421,64.84375,35.93749403953552,82.18750357627869,59.388424547351136,58.46995711326599,53.0732810497284,65.14752507209778,34.96191501617432,83.25889110565186,62.67343631812504,62.355196475982666,54.48179841041565,69.42017674446106,32.074230909347534,91.82774424552916,59.46724281019095,58.68895649909973,53.30571532249451,65.15697836875916,35.528820753097534,82.93387293815613,18.94241861650977,17.52118170261383,6.22582398355007,30.26982545852661,-29.840178228914738,66.33582767099142,53.95833339009967,50.62500238418579,50.0,57.083332538604736,39.375001192092896,67.70833134651184,54.09240953776301,50.30674934387207,50.0,57.56358504295349,38.65462243556976,68.90896260738373,46.14370762636619,50.0,41.45833253860473,51.249998807907104,26.770833134651173,65.93749821186067,59.026360557395584,50.0,50.0,85.41666865348816,-3.1250029802322388,138.5416716337204,44.70284018019328,50.0,49.06292259693146,53.12213897705078,42.97409802675247,59.21096354722977,57.37449052382488,57.803165912628174,50.0,61.7588996887207,32.361650466918945,79.39724922180176,50.86288239274707,50.10582208633423,50.0,52.04188823699951,46.93716764450073,55.10472059249878,5.572131923779994,0.48664212226867,0.0,10.3625014424324,-15.5437521636486,25.906253606081
65,DL,VGG16,36.972850750903696,0.4278605616822534,37.40071131258595,60.1349915776934,60.05208492279053,53.64583134651184,65.20833373069763,36.302077770233154,82.55208730697632,59.5141706418018,59.66562032699585,52.28216052055359,64.88865613937378,33.3724170923233,83.79839956760406,59.58460934308111,59.375,52.33333110809326,64.89583253860474,33.48957896232605,83.73958468437195,59.78422687978161,59.89583134651184,52.60416865348816,65.05208611488342,33.932292461395264,83.72396230697632,59.57754740909655,59.50983762741089,52.72350311279297,64.98876810073853,34.325605630874634,83.38666558265686,62.6761218114775,64.57276940345764,52.47355103492737,70.30380964279175,25.7281631231308,97.04919755458832,59.694066278788505,59.67446565628052,52.83772945404053,65.01378417015076,34.57364737987518,83.2778662443161,19.393924325324445,19.29839700460434,5.65591678023338,29.95058596134185,-30.78608699142934,66.39258973300457,53.235544233906026,50.41666626930237,50.0,54.58333492279053,43.12499761581421,61.45833730697632,43.840919587076925,50.0,50.0,52.20417380332947,46.6937392950058,55.51043450832367,43.69897946563302,50.0,7.7083334326744,50.833332538604736,-56.97916522622112,115.52083119750026,60.21258528154267,50.0,50.0,97.91666865348816,-21.87500298023224,169.7916716337204,40.36514770467671,50.0,13.356934487819668,50.867849588394165,-42.90943816304207,107.1342222392559,56.54557286476602,57.109808921813965,50.0,61.66840195655823,32.49739706516266,79.17100489139557,48.5333083539593,50.0,50.0,51.65817737579346,47.51273393630981,54.14544343948364,4.1050807886509855,0.0,0.0,3.8596220314502703,-5.789433047175406,9.649055078625675
70,DL,VGG16,33.86093220418813,0.4524117635220897,34.313343967710225,58.8743620989274,56.25,52.08333134651184,64.27083611488342,33.80207419395447,82.5520932674408,58.231128356894665,53.34148406982422,51.58371329307556,63.925039768218994,33.07172358036041,82.43702948093414,58.58354623220406,55.70833086967468,51.916664838790894,63.95833492279053,33.85415971279144,82.02084004878998,58.272746691898426,54.94791865348816,51.614582538604736,63.90625238418579,33.177077770233154,82.34375715255737,58.38996111130228,54.83067035675049,51.67695879936218,63.93080353736877,33.296191692352295,82.31157064437866,61.03905962438,55.189597606658936,52.55408883094788,69.53815817832947,27.07798480987549,95.01426219940186,58.42718786122848,54.46588397026062,51.78421139717102,63.96056413650513,33.51968228816986,82.22509324550629,16.83509825035093,8.5818700492382,3.52032035589218,27.86760926246643,-33.00061300396919,64.3885426223278,53.28231283596584,50.0,50.0,55.20833134651184,42.18750298023224,63.0208283662796,55.82887664133188,50.0,50.0,61.61789894104004,32.57315158843994,79.0447473526001,54.2602039417442,50.0,50.0,62.29166388511658,31.56250417232513,80.72915971279144,51.96003406878789,50.0,50.0,56.25,40.625,65.625,50.69585932152612,50.0,50.0,62.84316182136536,30.735257267951965,82.10790455341339,55.98672184408928,51.31987929344177,50.0,60.92208623886109,33.616870641708374,77.30521559715271,48.35989028215408,50.0,50.0,54.64391112327576,43.034133315086365,61.60977780818939,6.625385356268712,0.0,0.0,9.85283479094505,-14.779252186417574,24.632086977362626
75,DL,VGG16,36.5631283448667,0.4412863157233413,37.00441466059004,60.11585897328903,60.26041507720947,52.23958492279053,64.84375,33.33333730697632,83.74999761581421,59.77506260482632,59.732234477996826,51.83621644973755,64.4260585308075,32.95145332813263,83.31082165241241,59.81377551750261,59.73958373069763,51.916664838790894,64.68750238418579,32.76040852069855,83.84375870227814,59.72470221470814,59.687501192092896,52.34375,64.16666507720947,34.60937738418579,81.90103769302368,59.69774802120365,60.01349091529846,51.75260305404663,64.20801281929016,33.069488406181335,82.89112746715546,63.093550229559135,64.04637694358826,52.04461812973023,68.84830594062805,26.839086413383484,94.0538376569748,59.77411714135384,60.014915466308594,51.924681663513184,64.18545246124268,33.533525466918945,82.57660865783691,19.52355830460652,19.70872431993484,3.86602953076362,28.67937982082367,-33.35399590432645,65.89940525591375,55.05952385007119,52.291667461395264,50.0,58.74999761581421,36.87500357627869,71.87499403953552,49.52412405792548,50.59588551521301,50.0,55.894309282302856,41.15853607654572,64.73577320575714,59.630102162458456,50.0,45.62500119209289,97.29166626930235,-31.87499642372132,174.79166388511658,47.59778929494169,50.0,6.87500014901161,67.91666746139526,-84.68750081956387,159.47916842997074,50.72234859880136,50.21163821220398,50.0,66.66666269302368,25.00000596046448,91.6666567325592,57.83676936918375,56.602221727371216,50.0,60.53428649902344,34.198570251464844,76.3357162475586,46.23473572487734,50.0,50.0,54.983723163604736,42.524415254592896,62.45930790901184,7.794756723605854,4.48048040270805,0.0,9.05896723270416,-13.58845084905624,22.6474180817604
80,DL,VGG16,34.12154592299948,0.4459495495776741,34.56749547257716,58.16539112402468,56.09375238418579,52.34375,63.749998807907104,35.23437678813934,80.85937201976776,57.63114623877467,56.16016387939453,51.79916024208069,63.40710520744324,34.387242794036865,80.81902265548706,57.82695540360042,56.41666650772095,51.66666507720947,64.11458253860474,32.99478888511658,82.78645873069763,57.71471103843378,54.53125238418579,52.291667461395264,62.968748807907104,36.2760454416275,78.98437082767487,57.58735750402722,55.07458448410034,51.8682062625885,63.78633379936218,33.99101495742798,81.6635251045227,60.31337179699723,59.09818410873413,52.07299590110779,68.11042428016663,28.01685333251953,92.16656684875488,57.72210827895573,55.038946866989136,52.07282304763794,63.72600793838501,34.593045711517334,81.20578527450562,15.40263625828796,10.010601580142971,4.28230240941047,27.15044617652893,-30.019913241267226,61.45266182720663,53.32057853134311,50.20833611488342,50.0,55.000001192092896,42.49999821186066,62.50000298023224,47.06284342979898,50.0,50.0,51.78571343421936,47.32142984867096,54.4642835855484,57.35544218700759,50.0,50.0,72.91666865348816,15.62499701976776,107.2916716337204,46.32653063353227,50.0,36.87500059604645,52.49999761581421,13.437505066394806,75.93749314546585,49.96996534113981,50.0,50.0,65.53618907928467,26.695716381073,88.84047269821167,55.30768584231941,51.98698043823242,50.0,58.998262882232666,36.502605676651,72.49565720558167,44.5647622857775,50.0,50.0,52.15233564376831,46.771496534347534,55.380839109420776,3.8972010265807695,0.0,0.0,4.42101247608661,-6.631518714129915,11.052531190216524
85,DL,VGG16,38.0463195479646,0.4417834622519357,38.48810301021653,60.02763558407219,58.74999761581421,52.34375,66.8749988079071,30.546876788139343,88.67187201976776,59.54771163512249,58.346498012542725,51.341313123703,66.59707427024841,28.457671403884888,89.48071599006653,59.282525644010434,57.70833492279053,51.04166865348816,66.45833253860474,27.916672825813293,89.5833283662796,59.502550898766025,58.125001192092896,51.97916626930237,66.7187511920929,29.869788885116577,88.82812857627869,59.44679914688577,57.95984864234924,51.7068088054657,66.5265440940857,29.477205872535706,88.75614702701569,62.68745928394552,61.24313473701477,51.71358585357666,71.44752144813538,22.112682461738583,101.04842483997344,59.53573554146047,58.22128653526306,51.65800452232361,66.52469635009766,29.357966780662537,88.82473409175873,19.05467719866001,16.547377407550808,3.38733904063701,33.13634097576141,-41.23616386204959,77.75984387844801,54.80017005180826,51.875001192092896,50.0,57.91666507720947,38.12500238418579,69.79166269302368,45.79668105865012,50.0,50.0,57.14285969734192,39.28571045398712,67.8571492433548,41.91751713598413,50.0,14.166666567325588,50.20833611488342,-39.895837754011154,104.27084043622015,64.00510206514475,53.958332538604736,50.0,98.54166507720949,-22.81249761581423,171.35416269302374,39.85029297253611,50.0,21.76316678524017,50.43715834617615,-21.24782055616379,93.44814568758012,57.4016886706255,54.16340827941895,50.0,61.04579567909241,33.43130648136139,77.61448919773102,51.35718316447978,50.0,50.0,53.91595959663391,44.12606060504913,59.78989899158478,6.377160843765855,0.0,0.0,9.64006409049034,-14.460096135735508,24.10016022622585
90,DL,VGG16,32.96192631429555,0.4284107685089111,33.390337082804464,57.58822274451353,55.20833134651184,52.60416865348816,61.87499761581421,38.697925209999084,75.78124105930328,56.91626041519399,53.82046103477478,51.875001192092896,61.530399322509766,37.39190399646759,76.01349651813507,57.11904806750161,54.04166579246521,51.875001192092896,61.14583611488342,37.968748807907104,75.05208849906921,57.10671756948743,54.32291626930237,52.34375,61.56250238418579,38.51562142372131,75.39063096046448,56.906460985845456,53.95441055297852,51.76011919975281,61.35430932044983,37.36883401870728,75.74559450149536,59.340782980529625,55.30635714530945,52.47838497161865,65.81451296806335,32.4741929769516,85.81870496273041,57.07778480588173,54.311567544937134,52.24100351333618,61.312663555145264,38.63351345062256,74.92015361785889,14.111835495283712,8.319073170423499,4.45244647562503,22.968897223472588,-23.32222964614631,50.74357334524393,53.43962591521594,50.0,50.0,57.91666507720947,38.12500238418579,69.79166269302368,48.620743532570046,50.0,50.0,51.9298255443573,47.10526168346405,54.82456386089325,55.45918369779781,50.0,50.0,63.12500238418579,30.312496423721317,82.81250596046448,48.45238093818937,50.0,48.75000119209289,50.833332538604736,45.62500417232512,53.95832955837251,49.315207983766285,50.0,50.0,59.3853235244751,35.92201471328735,73.46330881118774,55.23443605218616,50.51649212837219,50.0,60.76345443725586,33.85481834411621,76.90863609313965,44.90777837986849,50.0,50.0,51.36336088180542,47.95495867729187,53.40840220451355,4.034927380936485,0.0,0.0,6.45171850919723,-9.677577763795844,16.129296272993074
95,DL,VGG16,36.54588093076433,0.43832377025059294,36.984204701014924,59.98724486146655,57.70833492279053,51.82291865348816,66.61458611488342,29.635417461395264,88.80208730697632,59.44736575593754,55.173856019973755,51.55121088027954,66.50992631912231,29.11313772201538,88.94799947738647,59.35799363924532,55.37499785423279,50.66666603088379,66.30208492279053,27.21353769302368,89.75521326065063,59.696003003996246,56.197917461395264,52.18750238418579,66.61458611488342,30.546876788139343,88.25521171092987,59.416172455768205,56.10435605049133,51.22374892234802,66.42174124717712,28.42676043510437,89.21872973442078,62.342430377493095,58.34897756576538,51.645106077194214,71.34211659431458,22.099590301513672,100.88763236999512,59.59407243193412,56.58608675003052,51.21694207191467,66.3769781589508,28.476887941360474,89.117032289505,19.15151716158868,12.898673117160788,2.47160363942384,32.92344212532043,-43.20615408942104,78.60119985416532,53.647959475614584,50.20833611488342,50.0,55.416667461395264,41.874998807907104,63.54166865348816,51.940572748378834,50.0,50.0,54.27435636520386,43.588465452194214,60.685890913009644,57.142857268300595,50.0,50.0,69.37500238418579,20.937496423721313,98.43750596046448,49.136904942594015,50.0,48.75000119209289,56.25,37.500002980232225,67.49999821186067,51.608653032049844,50.0,50.0,64.90823030471802,27.637654542922974,87.27057576179504,56.91331345207837,51.467883586883545,50.0,62.872397899627686,30.69140315055847,82.18099474906921,45.91348791609005,50.0,50.0,52.12121605873108,46.81817591190338,55.3030401468277,6.235488804742664,0.0,0.0,9.2593103647232,-13.8889655470848,23.148275911808
100,DL,VGG16,34.99737179036043,0.4401749542781284,35.43754674463856,59.502551263692425,56.61458373069763,52.34375,67.13541746139526,30.156248807907104,89.32291865348816,58.95578076644819,54.70120906829834,51.82237029075623,66.56346917152405,29.71072196960449,88.67511749267578,58.650297413066944,54.874998331069946,51.541668176651,67.1875,28.072920441627502,90.6562477350235,59.2028061346132,54.94791865348816,52.395832538604736,67.03125238418579,30.442702770233154,88.98438215255737,58.917499196772674,55.64841032028198,51.89966559410095,66.85016751289368,29.473912715911865,89.27592039108276,61.70413190004776,56.18377923965454,52.50728130340576,73.08377027511597,21.64254784584045,103.94850373268127,59.07599944241193,55.65887093544006,52.27702260017395,66.91882610321045,30.3143173456192,88.8815313577652,18.15586084766048,11.09501793980598,4.284359514713279,33.47690999507904,-39.50446620583536,77.26573571562768,53.23979599135262,50.0,50.0,54.58333492279053,43.12499761581421,61.45833730697632,48.75615233061265,50.0,50.0,53.57142686843872,44.64285969734192,58.9285671710968,45.72704063576399,50.0,46.875,50.20833611488342,41.87499582767487,55.20834028720856,58.94132670518771,50.0,50.0,66.8749988079071,24.687501788139343,92.18749701976776,44.0523964067807,50.0,48.48916828632355,51.49410963058472,43.98175626993179,56.00152164697647,56.258127093315125,53.64322662353516,50.0,59.7289502620697,35.40657460689545,74.32237565517426,49.348961196991866,50.0,50.0,52.69326567649841,45.96010148525238,56.73316419124603,4.819919555733092,0.0,0.0,5.73898516595363,-8.608477748930445,14.347462914884074
